<?xml version="1.0" encoding="UTF-8"?>
<project-private xmlns="http://www.netbeans.org/ns/project-private/1">
    <editor-bookmarks xmlns="http://www.netbeans.org/ns/editor-bookmarks/2" lastBookmarkId="0"/>
    <open-files xmlns="http://www.netbeans.org/ns/projectui-open-files/2">
        <group>
            <file>file:/L:/wamp64/www/shri/newyear/index.html</file>
            <file>file:/L:/wamp64/www/shri/newyear/js/main.js</file>
            <file>file:/L:/wamp64/www/shri/newyear/js/vendor/modernizr-2.8.3-respond-1.4.2.min.js</file>
            <file>file:/L:/wamp64/www/shri/newyear/js/plugins.js</file>
        </group>
    </open-files>
</project-private>
